origin,dest,count,mode,user_gender,window_start_utc,window_end_utc,flow_count
85b2c50bfffffff,85b2c50bfffffff,22.418,bicycle,female,2026-03-01,2026-03-02,7
85b2c50bfffffff,85b2c50bfffffff,16.031,bicycle,male,2026-03-01,2026-03-02,5
85b2c50bfffffff,85b2c50bfffffff,8.697,bus,female,2026-03-01,2026-03-02,5
85b2c50bfffffff,85b2c50bfffffff,21.281,car,female,2026-03-01,2026-03-02,7
85b2c50bfffffff,85b2c50bfffffff,14.257,car,male,2026-03-01,2026-03-02,5
85b2c50bfffffff,85b2c50bfffffff,11.354000000000001,car,other,2026-03-01,2026-03-02,5
85b2c50bfffffff,85b2c50bfffffff,20.894000000000002,motorcycle,female,2026-03-01,2026-03-02,7
85b2c50bfffffff,85b2c50bfffffff,11.219,other,male,2026-03-01,2026-03-02,5
85b2c50bfffffff,85b2c50bfffffff,17.594,scooter,female,2026-03-01,2026-03-02,6
85b2c50bfffffff,85b2c50bfffffff,24.55,scooter,male,2026-03-01,2026-03-02,8
85b2c50bfffffff,85b2c50bfffffff,18.862000000000002,taxi,female,2026-03-01,2026-03-02,9
85b2c50bfffffff,85b2c50bfffffff,19.406,taxi,male,2026-03-01,2026-03-02,9
85b2c50bfffffff,85b2c50bfffffff,33.814,train,male,2026-03-01,2026-03-02,11
85b2c50bfffffff,85b2c50bfffffff,22.13,walk,female,2026-03-01,2026-03-02,7
85b2c50bfffffff,85b2c50bfffffff,17.086,walk,male,2026-03-01,2026-03-02,7
85b2c50bfffffff,85b2c50bfffffff,20.471,walk,unknown,2026-03-01,2026-03-02,7
85b2c50bfffffff,85b2c50bfffffff,27.537,bicycle,male,2026-03-02,2026-03-03,10
85b2c50bfffffff,85b2c50bfffffff,23.131,bus,female,2026-03-02,2026-03-03,7
85b2c50bfffffff,85b2c50bfffffff,28.409000000000002,bus,male,2026-03-02,2026-03-03,8
85b2c50bfffffff,85b2c50bfffffff,19.383000000000003,bus,other,2026-03-02,2026-03-03,7
85b2c50bfffffff,85b2c50bfffffff,11.565,car,female,2026-03-02,2026-03-03,7
85b2c50bfffffff,85b2c50bfffffff,9.038,car,male,2026-03-02,2026-03-03,7
85b2c50bfffffff,85b2c50bfffffff,18.556,car,unknown,2026-03-02,2026-03-03,6
85b2c50bfffffff,85b2c50bfffffff,29.178,metro,female,2026-03-02,2026-03-03,10
85b2c50bfffffff,85b2c50bfffffff,21.36,motorcycle,female,2026-03-02,2026-03-03,9
85b2c50bfffffff,85b2c50bfffffff,22.771,motorcycle,male,2026-03-02,2026-03-03,8
85b2c50bfffffff,85b2c50bfffffff,15.574,motorcycle,other,2026-03-02,2026-03-03,6
85b2c50bfffffff,85b2c50bfffffff,23.955,other,male,2026-03-02,2026-03-03,9
85b2c50bfffffff,85b2c50bfffffff,14.001000000000001,other,other,2026-03-02,2026-03-03,7
85b2c50bfffffff,85b2c50bfffffff,21.583,ride_hailing,male,2026-03-02,2026-03-03,9
85b2c50bfffffff,85b2c50bfffffff,13.841,scooter,female,2026-03-02,2026-03-03,5
85b2c50bfffffff,85b2c50bfffffff,17.802,scooter,male,2026-03-02,2026-03-03,8
85b2c50bfffffff,85b2c50bfffffff,36.189,taxi,female,2026-03-02,2026-03-03,12
85b2c50bfffffff,85b2c50bfffffff,14.279,taxi,male,2026-03-02,2026-03-03,6
85b2c50bfffffff,85b2c50bfffffff,16.323,taxi,other,2026-03-02,2026-03-03,7
85b2c50bfffffff,85b2c50bfffffff,10.283999999999999,taxi,unknown,2026-03-02,2026-03-03,5
85b2c50bfffffff,85b2c50bfffffff,42.68,train,female,2026-03-02,2026-03-03,14
85b2c50bfffffff,85b2c50bfffffff,14.133000000000001,train,unknown,2026-03-02,2026-03-03,5
85b2c50bfffffff,85b2c50bfffffff,22.343,walk,female,2026-03-02,2026-03-03,7
85b2c50bfffffff,85b2c50bfffffff,37.001,bicycle,female,2026-03-03,2026-03-04,10
85b2c50bfffffff,85b2c50bfffffff,14.113,bicycle,other,2026-03-03,2026-03-04,6
85b2c50bfffffff,85b2c50bfffffff,31.632,bus,female,2026-03-03,2026-03-04,10
85b2c50bfffffff,85b2c50bfffffff,21.573999999999998,bus,male,2026-03-03,2026-03-04,7
85b2c50bfffffff,85b2c50bfffffff,21.579,bus,unknown,2026-03-03,2026-03-04,5
85b2c50bfffffff,85b2c50bfffffff,26.492,car,female,2026-03-03,2026-03-04,11
85b2c50bfffffff,85b2c50bfffffff,10.913,car,other,2026-03-03,2026-03-04,5
85b2c50bfffffff,85b2c50bfffffff,8.085,metro,female,2026-03-03,2026-03-04,5
85b2c50bfffffff,85b2c50bfffffff,15.945,metro,male,2026-03-03,2026-03-04,6
85b2c50bfffffff,85b2c50bfffffff,33.306,motorcycle,female,2026-03-03,2026-03-04,11
85b2c50bfffffff,85b2c50bfffffff,34.123,other,female,2026-03-03,2026-03-04,12
85b2c50bfffffff,85b2c50bfffffff,23.438,other,male,2026-03-03,2026-03-04,7
85b2c50bfffffff,85b2c50bfffffff,13.734,other,other,2026-03-03,2026-03-04,5
85b2c50bfffffff,85b2c50bfffffff,13.616,other,unknown,2026-03-03,2026-03-04,5
85b2c50bfffffff,85b2c50bfffffff,37.55,ride_hailing,female,2026-03-03,2026-03-04,12
85b2c50bfffffff,85b2c50bfffffff,21.195999999999998,ride_hailing,male,2026-03-03,2026-03-04,8
85b2c50bfffffff,85b2c50bfffffff,22.499,ride_hailing,other,2026-03-03,2026-03-04,11
85b2c50bfffffff,85b2c50bfffffff,24.891,ride_hailing,unknown,2026-03-03,2026-03-04,7
85b2c50bfffffff,85b2c50bfffffff,11.512,scooter,female,2026-03-03,2026-03-04,5
85b2c50bfffffff,85b2c50bfffffff,22.529,scooter,male,2026-03-03,2026-03-04,7
85b2c50bfffffff,85b2c50bfffffff,18.453,taxi,female,2026-03-03,2026-03-04,7
85b2c50bfffffff,85b2c50bfffffff,20.859,taxi,male,2026-03-03,2026-03-04,7
85b2c50bfffffff,85b2c50bfffffff,22.325,train,female,2026-03-03,2026-03-04,7
85b2c50bfffffff,85b2c50bfffffff,28.366999999999997,train,male,2026-03-03,2026-03-04,9
85b2c50bfffffff,85b2c50bfffffff,23.174,train,other,2026-03-03,2026-03-04,7
85b2c50bfffffff,85b2c50bfffffff,10.644,walk,female,2026-03-03,2026-03-04,7
85b2c50bfffffff,85b2c50bfffffff,28.256999999999998,walk,other,2026-03-03,2026-03-04,10
85b2c50bfffffff,85b2c50bfffffff,21.835,bicycle,female,2026-03-04,2026-03-05,8
85b2c50bfffffff,85b2c50bfffffff,28.665,bicycle,male,2026-03-04,2026-03-05,12
85b2c50bfffffff,85b2c50bfffffff,30.223,bus,female,2026-03-04,2026-03-05,11
85b2c50bfffffff,85b2c50bfffffff,29.34,bus,male,2026-03-04,2026-03-05,9
85b2c50bfffffff,85b2c50bfffffff,28.381,bus,other,2026-03-04,2026-03-05,8
85b2c50bfffffff,85b2c50bfffffff,24.003,car,female,2026-03-04,2026-03-05,8
85b2c50bfffffff,85b2c50bfffffff,14.483,car,male,2026-03-04,2026-03-05,6
85b2c50bfffffff,85b2c50bfffffff,19.011,metro,female,2026-03-04,2026-03-05,9
85b2c50bfffffff,85b2c50bfffffff,12.997,metro,male,2026-03-04,2026-03-05,5
85b2c50bfffffff,85b2c50bfffffff,17.079,motorcycle,female,2026-03-04,2026-03-05,7
85b2c50bfffffff,85b2c50bfffffff,26.726,motorcycle,male,2026-03-04,2026-03-05,9
85b2c50bfffffff,85b2c50bfffffff,13.985,motorcycle,unknown,2026-03-04,2026-03-05,6
85b2c50bfffffff,85b2c50bfffffff,11.591000000000001,other,female,2026-03-04,2026-03-05,5
85b2c50bfffffff,85b2c50bfffffff,15.440999999999999,other,male,2026-03-04,2026-03-05,7
85b2c50bfffffff,85b2c50bfffffff,15.860999999999999,other,other,2026-03-04,2026-03-05,7
85b2c50bfffffff,85b2c50bfffffff,10.983,other,unknown,2026-03-04,2026-03-05,5
85b2c50bfffffff,85b2c50bfffffff,31.285,ride_hailing,female,2026-03-04,2026-03-05,9
85b2c50bfffffff,85b2c50bfffffff,31.133,ride_hailing,male,2026-03-04,2026-03-05,16
85b2c50bfffffff,85b2c50bfffffff,9.354000000000001,ride_hailing,other,2026-03-04,2026-03-05,5
85b2c50bfffffff,85b2c50bfffffff,21.648,scooter,female,2026-03-04,2026-03-05,7
85b2c50bfffffff,85b2c50bfffffff,25.539,scooter,male,2026-03-04,2026-03-05,8
85b2c50bfffffff,85b2c50bfffffff,18.44,taxi,female,2026-03-04,2026-03-05,6
85b2c50bfffffff,85b2c50bfffffff,24.743,taxi,male,2026-03-04,2026-03-05,9
85b2c50bfffffff,85b2c50bfffffff,28.512,train,female,2026-03-04,2026-03-05,8
85b2c50bfffffff,85b2c50bfffffff,13.381,train,male,2026-03-04,2026-03-05,8
85b2c50bfffffff,85b2c50bfffffff,15.773,walk,female,2026-03-04,2026-03-05,9
85b2c50bfffffff,85b2c50bfffffff,19.697,walk,male,2026-03-04,2026-03-05,7
85b2c50bfffffff,85b2c50bfffffff,18.13,walk,other,2026-03-04,2026-03-05,9
85b2c50bfffffff,85b2c50bfffffff,20.954,bicycle,female,2026-03-05,2026-03-06,7
85b2c50bfffffff,85b2c50bfffffff,27.391,bicycle,male,2026-03-05,2026-03-06,10
85b2c50bfffffff,85b2c50bfffffff,14.502,bicycle,other,2026-03-05,2026-03-06,6
85b2c50bfffffff,85b2c50bfffffff,32.165,bus,male,2026-03-05,2026-03-06,12
85b2c50bfffffff,85b2c50bfffffff,13.097,car,female,2026-03-05,2026-03-06,5
85b2c50bfffffff,85b2c50bfffffff,28.122,car,male,2026-03-05,2026-03-06,9
85b2c50bfffffff,85b2c50bfffffff,14.385,car,other,2026-03-05,2026-03-06,5
85b2c50bfffffff,85b2c50bfffffff,19.057,metro,female,2026-03-05,2026-03-06,8
85b2c50bfffffff,85b2c50bfffffff,23.157,metro,male,2026-03-05,2026-03-06,9
85b2c50bfffffff,85b2c50bfffffff,13.871,motorcycle,female,2026-03-05,2026-03-06,6
85b2c50bfffffff,85b2c50bfffffff,16.441,motorcycle,male,2026-03-05,2026-03-06,6
85b2c50bfffffff,85b2c50bfffffff,11.111,motorcycle,other,2026-03-05,2026-03-06,5
85b2c50bfffffff,85b2c50bfffffff,21.392,other,female,2026-03-05,2026-03-06,8
85b2c50bfffffff,85b2c50bfffffff,16.799,other,other,2026-03-05,2026-03-06,5
85b2c50bfffffff,85b2c50bfffffff,11.044,other,unknown,2026-03-05,2026-03-06,5
85b2c50bfffffff,85b2c50bfffffff,29.711,ride_hailing,female,2026-03-05,2026-03-06,9
85b2c50bfffffff,85b2c50bfffffff,17.475,ride_hailing,male,2026-03-05,2026-03-06,6
85b2c50bfffffff,85b2c50bfffffff,15.766,ride_hailing,unknown,2026-03-05,2026-03-06,7
85b2c50bfffffff,85b2c50bfffffff,22.908,scooter,female,2026-03-05,2026-03-06,11
85b2c50bfffffff,85b2c50bfffffff,18.069,scooter,male,2026-03-05,2026-03-06,7
85b2c50bfffffff,85b2c50bfffffff,20.062,taxi,male,2026-03-05,2026-03-06,7
85b2c50bfffffff,85b2c50bfffffff,34.094,train,female,2026-03-05,2026-03-06,11
85b2c50bfffffff,85b2c50bfffffff,27.312,train,male,2026-03-05,2026-03-06,8
85b2c50bfffffff,85b2c50bfffffff,39.634,walk,female,2026-03-05,2026-03-06,17
85b2c50bfffffff,85b2c50bfffffff,25.108,walk,male,2026-03-05,2026-03-06,9
85b2c50bfffffff,85b2c50bfffffff,9.712,walk,other,2026-03-05,2026-03-06,5
85b2c50bfffffff,85b2c50bfffffff,16.503,walk,unknown,2026-03-05,2026-03-06,6
85b2c50bfffffff,85b2c50bfffffff,13.299000000000001,bus,female,2026-03-06,2026-03-07,7
85b2c50bfffffff,85b2c50bfffffff,12.25,bus,male,2026-03-06,2026-03-07,5
85b2c50bfffffff,85b2c50bfffffff,12.937000000000001,car,female,2026-03-06,2026-03-07,5
85b2c50bfffffff,85b2c50bfffffff,19.011,car,male,2026-03-06,2026-03-07,8
85b2c50bfffffff,85b2c50bfffffff,9.754,car,unknown,2026-03-06,2026-03-07,5
85b2c50bfffffff,85b2c50bfffffff,21.789,metro,female,2026-03-06,2026-03-07,8
85b2c50bfffffff,85b2c50bfffffff,15.652999999999999,metro,male,2026-03-06,2026-03-07,5
85b2c50bfffffff,85b2c50bfffffff,48.094,motorcycle,female,2026-03-06,2026-03-07,18
85b2c50bfffffff,85b2c50bfffffff,13.931000000000001,motorcycle,male,2026-03-06,2026-03-07,7
85b2c50bfffffff,85b2c50bfffffff,12.831,motorcycle,other,2026-03-06,2026-03-07,5
85b2c50bfffffff,85b2c50bfffffff,33.259,motorcycle,unknown,2026-03-06,2026-03-07,10
85b2c50bfffffff,85b2c50bfffffff,19.642,other,female,2026-03-06,2026-03-07,8
85b2c50bfffffff,85b2c50bfffffff,12.603,other,male,2026-03-06,2026-03-07,5
85b2c50bfffffff,85b2c50bfffffff,28.456,ride_hailing,female,2026-03-06,2026-03-07,12
85b2c50bfffffff,85b2c50bfffffff,11.639,ride_hailing,male,2026-03-06,2026-03-07,5
85b2c50bfffffff,85b2c50bfffffff,26.403,scooter,female,2026-03-06,2026-03-07,8
85b2c50bfffffff,85b2c50bfffffff,18.748,scooter,male,2026-03-06,2026-03-07,6
85b2c50bfffffff,85b2c50bfffffff,12.309000000000001,scooter,other,2026-03-06,2026-03-07,5
85b2c50bfffffff,85b2c50bfffffff,17.399,scooter,unknown,2026-03-06,2026-03-07,5
85b2c50bfffffff,85b2c50bfffffff,31.903,taxi,female,2026-03-06,2026-03-07,12
85b2c50bfffffff,85b2c50bfffffff,31.665,taxi,male,2026-03-06,2026-03-07,11
85b2c50bfffffff,85b2c50bfffffff,10.663,taxi,unknown,2026-03-06,2026-03-07,5
85b2c50bfffffff,85b2c50bfffffff,14.924999999999999,train,female,2026-03-06,2026-03-07,5
85b2c50bfffffff,85b2c50bfffffff,20.838,train,male,2026-03-06,2026-03-07,6
85b2c50bfffffff,85b2c50bfffffff,43.966,walk,female,2026-03-06,2026-03-07,14
85b2c50bfffffff,85b2c50bfffffff,24.44,walk,male,2026-03-06,2026-03-07,10
85b2c50bfffffff,85b2c50bfffffff,14.562000000000001,walk,other,2026-03-06,2026-03-07,6
85b2c50bfffffff,85b2c50bfffffff,18.916,bicycle,female,2026-03-07,2026-03-08,7
85b2c50bfffffff,85b2c50bfffffff,9.836,bus,female,2026-03-07,2026-03-08,5
85b2c50bfffffff,85b2c50bfffffff,33.395,bus,male,2026-03-07,2026-03-08,9
85b2c50bfffffff,85b2c50bfffffff,27.198999999999998,car,female,2026-03-07,2026-03-08,9
85b2c50bfffffff,85b2c50bfffffff,30.234,metro,female,2026-03-07,2026-03-08,10
85b2c50bfffffff,85b2c50bfffffff,31.180999999999997,metro,male,2026-03-07,2026-03-08,10
85b2c50bfffffff,85b2c50bfffffff,16.963,metro,unknown,2026-03-07,2026-03-08,5
85b2c50bfffffff,85b2c50bfffffff,17.593,motorcycle,male,2026-03-07,2026-03-08,9
85b2c50bfffffff,85b2c50bfffffff,15.821,motorcycle,other,2026-03-07,2026-03-08,5
85b2c50bfffffff,85b2c50bfffffff,13.23,motorcycle,unknown,2026-03-07,2026-03-08,5
85b2c50bfffffff,85b2c50bfffffff,22.66,other,male,2026-03-07,2026-03-08,7
85b2c50bfffffff,85b2c50bfffffff,21.351,other,other,2026-03-07,2026-03-08,7
85b2c50bfffffff,85b2c50bfffffff,28.271,other,unknown,2026-03-07,2026-03-08,9
85b2c50bfffffff,85b2c50bfffffff,12.128,ride_hailing,female,2026-03-07,2026-03-08,5
85b2c50bfffffff,85b2c50bfffffff,27.769,ride_hailing,male,2026-03-07,2026-03-08,7
85b2c50bfffffff,85b2c50bfffffff,8.834,ride_hailing,other,2026-03-07,2026-03-08,5
85b2c50bfffffff,85b2c50bfffffff,20.12,scooter,female,2026-03-07,2026-03-08,8
85b2c50bfffffff,85b2c50bfffffff,25.003999999999998,scooter,male,2026-03-07,2026-03-08,9
85b2c50bfffffff,85b2c50bfffffff,28.212,taxi,female,2026-03-07,2026-03-08,10
85b2c50bfffffff,85b2c50bfffffff,25.677,taxi,male,2026-03-07,2026-03-08,8
85b2c50bfffffff,85b2c50bfffffff,25.587,train,female,2026-03-07,2026-03-08,10
85b2c50bfffffff,85b2c50bfffffff,21.861,train,male,2026-03-07,2026-03-08,8
85b2c50bfffffff,85b2c50bfffffff,16.153,train,unknown,2026-03-07,2026-03-08,6
85b2c50bfffffff,85b2c50bfffffff,27.418,walk,female,2026-03-07,2026-03-08,10
85b2c50bfffffff,85b2c50bfffffff,16.063000000000002,walk,male,2026-03-07,2026-03-08,7
85b2c50bfffffff,85b2c50bfffffff,14.357,bus,male,2026-03-08,2026-03-09,6
85b2c50bfffffff,85b2c50bfffffff,12.493,ride_hailing,male,2026-03-08,2026-03-09,5
85b2c50bfffffff,85b2c557fffffff,12.395,scooter,male,2026-03-02,2026-03-03,5
85b2c50bfffffff,85b2c557fffffff,16.701,bus,female,2026-03-06,2026-03-07,6
85b2c50bfffffff,85b2c557fffffff,9.453,scooter,male,2026-03-06,2026-03-07,5
85b2c51bfffffff,85b2c51bfffffff,16.382,bicycle,male,2026-03-01,2026-03-02,6
85b2c51bfffffff,85b2c51bfffffff,17.058,metro,female,2026-03-01,2026-03-02,6
85b2c51bfffffff,85b2c51bfffffff,17.099,motorcycle,male,2026-03-01,2026-03-02,6
85b2c51bfffffff,85b2c51bfffffff,23.282,bicycle,female,2026-03-02,2026-03-03,9
85b2c51bfffffff,85b2c51bfffffff,14.868,car,female,2026-03-02,2026-03-03,5
85b2c51bfffffff,85b2c51bfffffff,15.852,car,male,2026-03-02,2026-03-03,6
85b2c51bfffffff,85b2c51bfffffff,15.769,motorcycle,female,2026-03-02,2026-03-03,6
85b2c51bfffffff,85b2c51bfffffff,8.759,motorcycle,male,2026-03-02,2026-03-03,5
85b2c51bfffffff,85b2c51bfffffff,16.833000000000002,other,male,2026-03-02,2026-03-03,5
85b2c51bfffffff,85b2c51bfffffff,23.665,ride_hailing,male,2026-03-02,2026-03-03,8
85b2c51bfffffff,85b2c51bfffffff,8.436,scooter,male,2026-03-02,2026-03-03,5
85b2c51bfffffff,85b2c51bfffffff,12.908999999999999,taxi,female,2026-03-02,2026-03-03,5
85b2c51bfffffff,85b2c51bfffffff,19.948,walk,male,2026-03-02,2026-03-03,6
85b2c51bfffffff,85b2c51bfffffff,17.497,bus,female,2026-03-03,2026-03-04,8
85b2c51bfffffff,85b2c51bfffffff,17.317,metro,male,2026-03-03,2026-03-04,6
85b2c51bfffffff,85b2c51bfffffff,15.969,other,male,2026-03-03,2026-03-04,5
85b2c51bfffffff,85b2c51bfffffff,24.473,ride_hailing,female,2026-03-03,2026-03-04,7
85b2c51bfffffff,85b2c51bfffffff,13.711,ride_hailing,male,2026-03-03,2026-03-04,5
85b2c51bfffffff,85b2c51bfffffff,14.364,scooter,female,2026-03-03,2026-03-04,5
85b2c51bfffffff,85b2c51bfffffff,12.783000000000001,scooter,male,2026-03-03,2026-03-04,6
85b2c51bfffffff,85b2c51bfffffff,27.331,taxi,male,2026-03-03,2026-03-04,9
85b2c51bfffffff,85b2c51bfffffff,13.504999999999999,train,female,2026-03-03,2026-03-04,5
85b2c51bfffffff,85b2c51bfffffff,12.998,walk,male,2026-03-03,2026-03-04,6
85b2c51bfffffff,85b2c51bfffffff,18.624,car,female,2026-03-04,2026-03-05,6
85b2c51bfffffff,85b2c51bfffffff,20.981,other,male,2026-03-04,2026-03-05,7
85b2c51bfffffff,85b2c51bfffffff,17.292,other,other,2026-03-04,2026-03-05,5
85b2c51bfffffff,85b2c51bfffffff,16.693,ride_hailing,female,2026-03-04,2026-03-05,5
85b2c51bfffffff,85b2c51bfffffff,15.398,scooter,male,2026-03-04,2026-03-05,6
85b2c51bfffffff,85b2c51bfffffff,25.412,taxi,female,2026-03-04,2026-03-05,8
85b2c51bfffffff,85b2c51bfffffff,13.447,taxi,other,2026-03-04,2026-03-05,5
85b2c51bfffffff,85b2c51bfffffff,18.755,walk,female,2026-03-04,2026-03-05,7
85b2c51bfffffff,85b2c51bfffffff,15.283999999999999,walk,male,2026-03-04,2026-03-05,5
85b2c51bfffffff,85b2c51bfffffff,14.564,bicycle,female,2026-03-05,2026-03-06,5
85b2c51bfffffff,85b2c51bfffffff,14.367,bus,female,2026-03-05,2026-03-06,5
85b2c51bfffffff,85b2c51bfffffff,14.609,bus,male,2026-03-05,2026-03-06,5
85b2c51bfffffff,85b2c51bfffffff,16.211,car,female,2026-03-05,2026-03-06,5
85b2c51bfffffff,85b2c51bfffffff,11.004000000000001,metro,female,2026-03-05,2026-03-06,5
85b2c51bfffffff,85b2c51bfffffff,9.514,other,male,2026-03-05,2026-03-06,5
85b2c51bfffffff,85b2c51bfffffff,31.418,ride_hailing,female,2026-03-05,2026-03-06,9
85b2c51bfffffff,85b2c51bfffffff,10.464,scooter,unknown,2026-03-05,2026-03-06,5
85b2c51bfffffff,85b2c51bfffffff,14.496,train,female,2026-03-05,2026-03-06,6
85b2c51bfffffff,85b2c51bfffffff,14.591000000000001,bicycle,male,2026-03-06,2026-03-07,6
85b2c51bfffffff,85b2c51bfffffff,16.172,metro,female,2026-03-06,2026-03-07,5
85b2c51bfffffff,85b2c51bfffffff,25.508,metro,male,2026-03-06,2026-03-07,8
85b2c51bfffffff,85b2c51bfffffff,24.301000000000002,motorcycle,female,2026-03-06,2026-03-07,6
85b2c51bfffffff,85b2c51bfffffff,11.594,motorcycle,male,2026-03-06,2026-03-07,5
85b2c51bfffffff,85b2c51bfffffff,17.93,other,male,2026-03-06,2026-03-07,7
85b2c51bfffffff,85b2c51bfffffff,26.955,ride_hailing,female,2026-03-06,2026-03-07,8
85b2c51bfffffff,85b2c51bfffffff,11.857,ride_hailing,male,2026-03-06,2026-03-07,6
85b2c51bfffffff,85b2c51bfffffff,19.253,scooter,female,2026-03-06,2026-03-07,6
85b2c51bfffffff,85b2c51bfffffff,21.572000000000003,train,female,2026-03-06,2026-03-07,6
85b2c51bfffffff,85b2c51bfffffff,17.822,train,male,2026-03-06,2026-03-07,6
85b2c51bfffffff,85b2c51bfffffff,10.036,walk,female,2026-03-06,2026-03-07,5
85b2c51bfffffff,85b2c51bfffffff,19.085,bicycle,female,2026-03-07,2026-03-08,7
85b2c51bfffffff,85b2c51bfffffff,23.433,bus,female,2026-03-07,2026-03-08,8
85b2c51bfffffff,85b2c51bfffffff,19.272000000000002,metro,female,2026-03-07,2026-03-08,7
85b2c51bfffffff,85b2c51bfffffff,13.478,metro,male,2026-03-07,2026-03-08,5
85b2c51bfffffff,85b2c51bfffffff,9.695,motorcycle,female,2026-03-07,2026-03-08,5
85b2c51bfffffff,85b2c51bfffffff,12.725999999999999,other,female,2026-03-07,2026-03-08,5
85b2c51bfffffff,85b2c51bfffffff,15.995000000000001,taxi,female,2026-03-07,2026-03-08,7
85b2c51bfffffff,85b2c51bfffffff,20.0,taxi,male,2026-03-07,2026-03-08,7
85b2c51bfffffff,85b2c51bfffffff,8.472999999999999,walk,male,2026-03-08,2026-03-09,5
85b2c543fffffff,85b2c543fffffff,13.865,metro,female,2026-03-01,2026-03-02,5
85b2c543fffffff,85b2c543fffffff,10.081,motorcycle,female,2026-03-01,2026-03-02,5
85b2c543fffffff,85b2c543fffffff,22.125,scooter,female,2026-03-01,2026-03-02,7
85b2c543fffffff,85b2c543fffffff,16.852,walk,male,2026-03-01,2026-03-02,5
85b2c543fffffff,85b2c543fffffff,16.553,bicycle,female,2026-03-02,2026-03-03,5
85b2c543fffffff,85b2c543fffffff,16.491,bicycle,male,2026-03-02,2026-03-03,5
85b2c543fffffff,85b2c543fffffff,23.59,motorcycle,female,2026-03-02,2026-03-03,7
85b2c543fffffff,85b2c543fffffff,18.701,ride_hailing,male,2026-03-02,2026-03-03,5
85b2c543fffffff,85b2c543fffffff,14.91,scooter,female,2026-03-02,2026-03-03,5
85b2c543fffffff,85b2c543fffffff,23.335,scooter,male,2026-03-02,2026-03-03,6
85b2c543fffffff,85b2c543fffffff,24.874000000000002,taxi,male,2026-03-02,2026-03-03,8
85b2c543fffffff,85b2c543fffffff,20.058999999999997,train,unknown,2026-03-02,2026-03-03,6
85b2c543fffffff,85b2c543fffffff,23.235,walk,male,2026-03-02,2026-03-03,8
85b2c543fffffff,85b2c543fffffff,12.698,bicycle,female,2026-03-03,2026-03-04,6
85b2c543fffffff,85b2c543fffffff,17.827,bicycle,male,2026-03-03,2026-03-04,6
85b2c543fffffff,85b2c543fffffff,20.886,bus,male,2026-03-03,2026-03-04,8
85b2c543fffffff,85b2c543fffffff,18.320999999999998,metro,female,2026-03-03,2026-03-04,6
85b2c543fffffff,85b2c543fffffff,12.551,motorcycle,male,2026-03-03,2026-03-04,5
85b2c543fffffff,85b2c543fffffff,10.805,motorcycle,unknown,2026-03-03,2026-03-04,5
85b2c543fffffff,85b2c543fffffff,17.793999999999997,other,female,2026-03-03,2026-03-04,5
85b2c543fffffff,85b2c543fffffff,17.376,other,male,2026-03-03,2026-03-04,6
85b2c543fffffff,85b2c543fffffff,12.981,scooter,female,2026-03-03,2026-03-04,6
85b2c543fffffff,85b2c543fffffff,12.647,taxi,female,2026-03-03,2026-03-04,5
85b2c543fffffff,85b2c543fffffff,9.783999999999999,taxi,male,2026-03-03,2026-03-04,5
85b2c543fffffff,85b2c543fffffff,14.428,walk,male,2026-03-03,2026-03-04,7
85b2c543fffffff,85b2c543fffffff,19.462,bicycle,female,2026-03-04,2026-03-05,6
85b2c543fffffff,85b2c543fffffff,13.734,bicycle,male,2026-03-04,2026-03-05,5
85b2c543fffffff,85b2c543fffffff,13.916,car,male,2026-03-04,2026-03-05,6
85b2c543fffffff,85b2c543fffffff,20.923000000000002,metro,male,2026-03-04,2026-03-05,7
85b2c543fffffff,85b2c543fffffff,15.584,motorcycle,female,2026-03-04,2026-03-05,6
85b2c543fffffff,85b2c543fffffff,16.07,other,male,2026-03-04,2026-03-05,5
85b2c543fffffff,85b2c543fffffff,17.705,ride_hailing,male,2026-03-04,2026-03-05,7
85b2c543fffffff,85b2c543fffffff,32.995,scooter,female,2026-03-04,2026-03-05,10
85b2c543fffffff,85b2c543fffffff,14.326,taxi,male,2026-03-04,2026-03-05,5
85b2c543fffffff,85b2c543fffffff,13.949000000000002,walk,female,2026-03-04,2026-03-05,5
85b2c543fffffff,85b2c543fffffff,21.858,car,female,2026-03-05,2026-03-06,7
85b2c543fffffff,85b2c543fffffff,11.093,car,male,2026-03-05,2026-03-06,6
85b2c543fffffff,85b2c543fffffff,18.772,car,other,2026-03-05,2026-03-06,5
85b2c543fffffff,85b2c543fffffff,15.263,metro,female,2026-03-05,2026-03-06,5
85b2c543fffffff,85b2c543fffffff,12.807999999999998,motorcycle,female,2026-03-05,2026-03-06,5
85b2c543fffffff,85b2c543fffffff,18.999,other,other,2026-03-05,2026-03-06,5
85b2c543fffffff,85b2c543fffffff,13.946,scooter,female,2026-03-05,2026-03-06,5
85b2c543fffffff,85b2c543fffffff,14.499,scooter,male,2026-03-05,2026-03-06,5
85b2c543fffffff,85b2c543fffffff,15.767,taxi,male,2026-03-05,2026-03-06,5
85b2c543fffffff,85b2c543fffffff,15.675,train,female,2026-03-05,2026-03-06,8
85b2c543fffffff,85b2c543fffffff,13.684999999999999,train,male,2026-03-05,2026-03-06,6
85b2c543fffffff,85b2c543fffffff,20.33,walk,female,2026-03-05,2026-03-06,6
85b2c543fffffff,85b2c543fffffff,11.618,bicycle,female,2026-03-06,2026-03-07,6
85b2c543fffffff,85b2c543fffffff,25.989,bicycle,male,2026-03-06,2026-03-07,8
85b2c543fffffff,85b2c543fffffff,19.216,bus,female,2026-03-06,2026-03-07,5
85b2c543fffffff,85b2c543fffffff,13.367,bus,male,2026-03-06,2026-03-07,5
85b2c543fffffff,85b2c543fffffff,11.972,car,male,2026-03-06,2026-03-07,6
85b2c543fffffff,85b2c543fffffff,16.189,motorcycle,female,2026-03-06,2026-03-07,5
85b2c543fffffff,85b2c543fffffff,16.057,taxi,female,2026-03-06,2026-03-07,6
85b2c543fffffff,85b2c543fffffff,21.507,train,female,2026-03-06,2026-03-07,8
85b2c543fffffff,85b2c543fffffff,28.976,walk,female,2026-03-06,2026-03-07,8
85b2c543fffffff,85b2c543fffffff,15.802,bicycle,male,2026-03-07,2026-03-08,5
85b2c543fffffff,85b2c543fffffff,15.741999999999999,metro,female,2026-03-07,2026-03-08,5
85b2c543fffffff,85b2c543fffffff,22.386,motorcycle,male,2026-03-07,2026-03-08,7
85b2c543fffffff,85b2c543fffffff,15.089,other,male,2026-03-07,2026-03-08,6
85b2c543fffffff,85b2c543fffffff,19.828,ride_hailing,male,2026-03-07,2026-03-08,10
85b2c543fffffff,85b2c543fffffff,19.230999999999998,scooter,female,2026-03-07,2026-03-08,5
85b2c543fffffff,85b2c543fffffff,31.415,taxi,female,2026-03-07,2026-03-08,11
85b2c543fffffff,85b2c543fffffff,15.783999999999999,taxi,male,2026-03-07,2026-03-08,5
85b2c543fffffff,85b2c543fffffff,11.912,walk,female,2026-03-07,2026-03-08,6
85b2c547fffffff,85b2c547fffffff,11.673,bicycle,female,2026-03-01,2026-03-02,6
85b2c547fffffff,85b2c547fffffff,8.663,bicycle,male,2026-03-01,2026-03-02,6
85b2c547fffffff,85b2c547fffffff,9.88,bus,female,2026-03-01,2026-03-02,5
85b2c547fffffff,85b2c547fffffff,7.853,bus,other,2026-03-01,2026-03-02,5
85b2c547fffffff,85b2c547fffffff,14.411,bus,unknown,2026-03-01,2026-03-02,5
85b2c547fffffff,85b2c547fffffff,18.221,metro,female,2026-03-01,2026-03-02,6
85b2c547fffffff,85b2c547fffffff,25.931,motorcycle,male,2026-03-01,2026-03-02,9
85b2c547fffffff,85b2c547fffffff,13.705,other,female,2026-03-01,2026-03-02,5
85b2c547fffffff,85b2c547fffffff,21.244,other,male,2026-03-01,2026-03-02,8
85b2c547fffffff,85b2c547fffffff,15.45,ride_hailing,female,2026-03-01,2026-03-02,5
85b2c547fffffff,85b2c547fffffff,40.239,ride_hailing,male,2026-03-01,2026-03-02,11
85b2c547fffffff,85b2c547fffffff,12.348999999999998,taxi,female,2026-03-01,2026-03-02,7
85b2c547fffffff,85b2c547fffffff,23.329,taxi,male,2026-03-01,2026-03-02,8
85b2c547fffffff,85b2c547fffffff,13.331,train,male,2026-03-01,2026-03-02,5
85b2c547fffffff,85b2c547fffffff,9.577,train,other,2026-03-01,2026-03-02,5
85b2c547fffffff,85b2c547fffffff,32.08,walk,male,2026-03-01,2026-03-02,12
85b2c547fffffff,85b2c547fffffff,14.54,walk,unknown,2026-03-01,2026-03-02,6
85b2c547fffffff,85b2c547fffffff,11.902,bicycle,female,2026-03-02,2026-03-03,6
85b2c547fffffff,85b2c547fffffff,23.107999999999997,bicycle,male,2026-03-02,2026-03-03,7
85b2c547fffffff,85b2c547fffffff,8.927,bicycle,unknown,2026-03-02,2026-03-03,5
85b2c547fffffff,85b2c547fffffff,32.764,bus,female,2026-03-02,2026-03-03,10
85b2c547fffffff,85b2c547fffffff,15.106,bus,other,2026-03-02,2026-03-03,5
85b2c547fffffff,85b2c547fffffff,23.603,car,female,2026-03-02,2026-03-03,7
85b2c547fffffff,85b2c547fffffff,20.064,car,male,2026-03-02,2026-03-03,9
85b2c547fffffff,85b2c547fffffff,24.137,metro,female,2026-03-02,2026-03-03,8
85b2c547fffffff,85b2c547fffffff,28.614,metro,male,2026-03-02,2026-03-03,9
85b2c547fffffff,85b2c547fffffff,14.657,metro,other,2026-03-02,2026-03-03,5
85b2c547fffffff,85b2c547fffffff,18.887999999999998,other,female,2026-03-02,2026-03-03,6
85b2c547fffffff,85b2c547fffffff,21.336,other,male,2026-03-02,2026-03-03,8
85b2c547fffffff,85b2c547fffffff,19.627,other,unknown,2026-03-02,2026-03-03,5
85b2c547fffffff,85b2c547fffffff,16.333,ride_hailing,male,2026-03-02,2026-03-03,5
85b2c547fffffff,85b2c547fffffff,13.654,ride_hailing,unknown,2026-03-02,2026-03-03,5
85b2c547fffffff,85b2c547fffffff,21.767,scooter,female,2026-03-02,2026-03-03,6
85b2c547fffffff,85b2c547fffffff,17.62,scooter,male,2026-03-02,2026-03-03,8
85b2c547fffffff,85b2c547fffffff,11.765,taxi,unknown,2026-03-02,2026-03-03,5
85b2c547fffffff,85b2c547fffffff,15.616,train,female,2026-03-02,2026-03-03,6
85b2c547fffffff,85b2c547fffffff,21.74,train,male,2026-03-02,2026-03-03,7
85b2c547fffffff,85b2c547fffffff,16.44,train,other,2026-03-02,2026-03-03,6
85b2c547fffffff,85b2c547fffffff,13.71,walk,female,2026-03-02,2026-03-03,7
85b2c547fffffff,85b2c547fffffff,20.058999999999997,walk,male,2026-03-02,2026-03-03,8
85b2c547fffffff,85b2c547fffffff,25.116,bicycle,female,2026-03-03,2026-03-04,7
85b2c547fffffff,85b2c547fffffff,22.769,bicycle,male,2026-03-03,2026-03-04,7
85b2c547fffffff,85b2c547fffffff,12.897,bicycle,other,2026-03-03,2026-03-04,5
85b2c547fffffff,85b2c547fffffff,22.014,bus,female,2026-03-03,2026-03-04,7
85b2c547fffffff,85b2c547fffffff,19.052,bus,male,2026-03-03,2026-03-04,8
85b2c547fffffff,85b2c547fffffff,24.233,car,female,2026-03-03,2026-03-04,8
85b2c547fffffff,85b2c547fffffff,11.46,car,male,2026-03-03,2026-03-04,6
85b2c547fffffff,85b2c547fffffff,11.202,car,unknown,2026-03-03,2026-03-04,6
85b2c547fffffff,85b2c547fffffff,15.864,metro,unknown,2026-03-03,2026-03-04,7
85b2c547fffffff,85b2c547fffffff,43.56,motorcycle,female,2026-03-03,2026-03-04,12
85b2c547fffffff,85b2c547fffffff,15.613,motorcycle,male,2026-03-03,2026-03-04,8
85b2c547fffffff,85b2c547fffffff,25.711,other,female,2026-03-03,2026-03-04,9
85b2c547fffffff,85b2c547fffffff,15.582,other,male,2026-03-03,2026-03-04,6
85b2c547fffffff,85b2c547fffffff,10.133,other,other,2026-03-03,2026-03-04,5
85b2c547fffffff,85b2c547fffffff,15.691,other,unknown,2026-03-03,2026-03-04,5
85b2c547fffffff,85b2c547fffffff,11.671,ride_hailing,female,2026-03-03,2026-03-04,5
85b2c547fffffff,85b2c547fffffff,26.046,ride_hailing,male,2026-03-03,2026-03-04,8
85b2c547fffffff,85b2c547fffffff,22.956,scooter,male,2026-03-03,2026-03-04,8
85b2c547fffffff,85b2c547fffffff,23.716,taxi,female,2026-03-03,2026-03-04,9
85b2c547fffffff,85b2c547fffffff,12.978000000000002,taxi,unknown,2026-03-03,2026-03-04,5
85b2c547fffffff,85b2c547fffffff,29.728,train,female,2026-03-03,2026-03-04,10
85b2c547fffffff,85b2c547fffffff,18.523,train,male,2026-03-03,2026-03-04,8
85b2c547fffffff,85b2c547fffffff,15.593,train,unknown,2026-03-03,2026-03-04,8
85b2c547fffffff,85b2c547fffffff,16.905,walk,female,2026-03-03,2026-03-04,7
85b2c547fffffff,85b2c547fffffff,18.205,walk,male,2026-03-03,2026-03-04,7
85b2c547fffffff,85b2c547fffffff,15.955,walk,other,2026-03-03,2026-03-04,5
85b2c547fffffff,85b2c547fffffff,16.393,bicycle,female,2026-03-04,2026-03-05,6
85b2c547fffffff,85b2c547fffffff,17.741,bicycle,male,2026-03-04,2026-03-05,9
85b2c547fffffff,85b2c547fffffff,16.586,bus,female,2026-03-04,2026-03-05,7
85b2c547fffffff,85b2c547fffffff,20.714,bus,male,2026-03-04,2026-03-05,9
85b2c547fffffff,85b2c547fffffff,21.0,car,female,2026-03-04,2026-03-05,8
85b2c547fffffff,85b2c547fffffff,21.245,car,male,2026-03-04,2026-03-05,8
85b2c547fffffff,85b2c547fffffff,17.252,car,other,2026-03-04,2026-03-05,6
85b2c547fffffff,85b2c547fffffff,19.444,metro,female,2026-03-04,2026-03-05,8
85b2c547fffffff,85b2c547fffffff,17.712,metro,male,2026-03-04,2026-03-05,8
85b2c547fffffff,85b2c547fffffff,19.144,metro,unknown,2026-03-04,2026-03-05,8
85b2c547fffffff,85b2c547fffffff,16.516,motorcycle,male,2026-03-04,2026-03-05,7
85b2c547fffffff,85b2c547fffffff,17.486,other,male,2026-03-04,2026-03-05,7
85b2c547fffffff,85b2c547fffffff,11.453,ride_hailing,male,2026-03-04,2026-03-05,5
85b2c547fffffff,85b2c547fffffff,23.477,scooter,female,2026-03-04,2026-03-05,8
85b2c547fffffff,85b2c547fffffff,14.033999999999999,scooter,male,2026-03-04,2026-03-05,6
85b2c547fffffff,85b2c547fffffff,23.53,taxi,female,2026-03-04,2026-03-05,12
85b2c547fffffff,85b2c547fffffff,22.96,taxi,other,2026-03-04,2026-03-05,6
85b2c547fffffff,85b2c547fffffff,13.715,taxi,unknown,2026-03-04,2026-03-05,5
85b2c547fffffff,85b2c547fffffff,16.851,train,female,2026-03-04,2026-03-05,6
85b2c547fffffff,85b2c547fffffff,15.481,train,male,2026-03-04,2026-03-05,6
85b2c547fffffff,85b2c547fffffff,13.597000000000001,train,unknown,2026-03-04,2026-03-05,6
85b2c547fffffff,85b2c547fffffff,28.461,walk,female,2026-03-04,2026-03-05,9
85b2c547fffffff,85b2c547fffffff,14.336,walk,male,2026-03-04,2026-03-05,5
85b2c547fffffff,85b2c547fffffff,11.16,walk,unknown,2026-03-04,2026-03-05,6
85b2c547fffffff,85b2c547fffffff,17.187,bicycle,female,2026-03-05,2026-03-06,6
85b2c547fffffff,85b2c547fffffff,23.856,bicycle,male,2026-03-05,2026-03-06,8
85b2c547fffffff,85b2c547fffffff,23.901,bus,female,2026-03-05,2026-03-06,7
85b2c547fffffff,85b2c547fffffff,36.123,bus,male,2026-03-05,2026-03-06,11
85b2c547fffffff,85b2c547fffffff,16.057000000000002,bus,other,2026-03-05,2026-03-06,5
85b2c547fffffff,85b2c547fffffff,31.161,car,female,2026-03-05,2026-03-06,12
85b2c547fffffff,85b2c547fffffff,9.31,car,other,2026-03-05,2026-03-06,5
85b2c547fffffff,85b2c547fffffff,23.653,car,unknown,2026-03-05,2026-03-06,8
85b2c547fffffff,85b2c547fffffff,24.003,metro,female,2026-03-05,2026-03-06,8
85b2c547fffffff,85b2c547fffffff,19.674,metro,male,2026-03-05,2026-03-06,6
85b2c547fffffff,85b2c547fffffff,16.978,motorcycle,female,2026-03-05,2026-03-06,5
85b2c547fffffff,85b2c547fffffff,27.994999999999997,motorcycle,male,2026-03-05,2026-03-06,10
85b2c547fffffff,85b2c547fffffff,16.251,motorcycle,other,2026-03-05,2026-03-06,5
85b2c547fffffff,85b2c547fffffff,14.328,motorcycle,unknown,2026-03-05,2026-03-06,6
85b2c547fffffff,85b2c547fffffff,32.879,other,female,2026-03-05,2026-03-06,11
85b2c547fffffff,85b2c547fffffff,12.885,other,male,2026-03-05,2026-03-06,6
85b2c547fffffff,85b2c547fffffff,24.893,ride_hailing,male,2026-03-05,2026-03-06,10
85b2c547fffffff,85b2c547fffffff,17.241,scooter,female,2026-03-05,2026-03-06,6
85b2c547fffffff,85b2c547fffffff,30.472,scooter,male,2026-03-05,2026-03-06,12
85b2c547fffffff,85b2c547fffffff,28.76,taxi,female,2026-03-05,2026-03-06,10
85b2c547fffffff,85b2c547fffffff,21.441,taxi,other,2026-03-05,2026-03-06,8
85b2c547fffffff,85b2c547fffffff,26.369,train,female,2026-03-05,2026-03-06,11
85b2c547fffffff,85b2c547fffffff,18.276,train,male,2026-03-05,2026-03-06,8
85b2c547fffffff,85b2c547fffffff,13.280000000000001,train,unknown,2026-03-05,2026-03-06,5
85b2c547fffffff,85b2c547fffffff,9.926,walk,other,2026-03-05,2026-03-06,6
85b2c547fffffff,85b2c547fffffff,21.222,bicycle,male,2026-03-06,2026-03-07,9
85b2c547fffffff,85b2c547fffffff,20.978,bus,female,2026-03-06,2026-03-07,8
85b2c547fffffff,85b2c547fffffff,21.552,bus,male,2026-03-06,2026-03-07,6
85b2c547fffffff,85b2c547fffffff,18.05,car,female,2026-03-06,2026-03-07,7
85b2c547fffffff,85b2c547fffffff,13.386,car,unknown,2026-03-06,2026-03-07,5
85b2c547fffffff,85b2c547fffffff,26.755,metro,female,2026-03-06,2026-03-07,9
85b2c547fffffff,85b2c547fffffff,23.225,metro,male,2026-03-06,2026-03-07,8
85b2c547fffffff,85b2c547fffffff,15.031,metro,other,2026-03-06,2026-03-07,5
85b2c547fffffff,85b2c547fffffff,11.264,motorcycle,female,2026-03-06,2026-03-07,5
85b2c547fffffff,85b2c547fffffff,16.271,motorcycle,unknown,2026-03-06,2026-03-07,5
85b2c547fffffff,85b2c547fffffff,13.126,other,female,2026-03-06,2026-03-07,6
85b2c547fffffff,85b2c547fffffff,15.182,ride_hailing,female,2026-03-06,2026-03-07,5
85b2c547fffffff,85b2c547fffffff,32.842999999999996,ride_hailing,male,2026-03-06,2026-03-07,11
85b2c547fffffff,85b2c547fffffff,21.796,scooter,male,2026-03-06,2026-03-07,8
85b2c547fffffff,85b2c547fffffff,18.1,taxi,female,2026-03-06,2026-03-07,7
85b2c547fffffff,85b2c547fffffff,28.302,taxi,male,2026-03-06,2026-03-07,11
85b2c547fffffff,85b2c547fffffff,30.522000000000002,train,male,2026-03-06,2026-03-07,10
85b2c547fffffff,85b2c547fffffff,7.786,walk,female,2026-03-06,2026-03-07,5
85b2c547fffffff,85b2c547fffffff,25.078999999999997,walk,male,2026-03-06,2026-03-07,7
85b2c547fffffff,85b2c547fffffff,15.085999999999999,walk,unknown,2026-03-06,2026-03-07,5
85b2c547fffffff,85b2c547fffffff,17.829,bicycle,female,2026-03-07,2026-03-08,5
85b2c547fffffff,85b2c547fffffff,25.916,bicycle,male,2026-03-07,2026-03-08,10
85b2c547fffffff,85b2c547fffffff,20.707,bus,female,2026-03-07,2026-03-08,8
85b2c547fffffff,85b2c547fffffff,18.554,bus,male,2026-03-07,2026-03-08,6
85b2c547fffffff,85b2c547fffffff,18.514,bus,other,2026-03-07,2026-03-08,6
85b2c547fffffff,85b2c547fffffff,12.525,car,female,2026-03-07,2026-03-08,5
85b2c547fffffff,85b2c547fffffff,10.019,car,unknown,2026-03-07,2026-03-08,5
85b2c547fffffff,85b2c547fffffff,9.724,metro,female,2026-03-07,2026-03-08,6
85b2c547fffffff,85b2c547fffffff,9.657,metro,male,2026-03-07,2026-03-08,6
85b2c547fffffff,85b2c547fffffff,24.351,motorcycle,female,2026-03-07,2026-03-08,10
85b2c547fffffff,85b2c547fffffff,16.259999999999998,motorcycle,male,2026-03-07,2026-03-08,6
85b2c547fffffff,85b2c547fffffff,27.556,other,female,2026-03-07,2026-03-08,11
85b2c547fffffff,85b2c547fffffff,20.87,other,male,2026-03-07,2026-03-08,8
85b2c547fffffff,85b2c547fffffff,22.433999999999997,ride_hailing,female,2026-03-07,2026-03-08,8
85b2c547fffffff,85b2c547fffffff,15.055,ride_hailing,male,2026-03-07,2026-03-08,5
85b2c547fffffff,85b2c547fffffff,42.322,scooter,male,2026-03-07,2026-03-08,14
85b2c547fffffff,85b2c547fffffff,17.449,scooter,unknown,2026-03-07,2026-03-08,7
85b2c547fffffff,85b2c547fffffff,21.241,taxi,female,2026-03-07,2026-03-08,8
85b2c547fffffff,85b2c547fffffff,8.155000000000001,taxi,other,2026-03-07,2026-03-08,5
85b2c547fffffff,85b2c547fffffff,14.124,train,male,2026-03-07,2026-03-08,7
85b2c547fffffff,85b2c547fffffff,15.227,walk,other,2026-03-07,2026-03-08,5
85b2c547fffffff,85b2c547fffffff,10.195,walk,unknown,2026-03-07,2026-03-08,6
85b2c547fffffff,85b2c547fffffff,16.009999999999998,metro,male,2026-03-08,2026-03-09,5
85b2c547fffffff,85b2c547fffffff,15.682,train,male,2026-03-08,2026-03-09,5
85b2c547fffffff,85b2c547fffffff,19.845,walk,female,2026-03-08,2026-03-09,7
85b2c547fffffff,85b2c557fffffff,11.9,metro,male,2026-03-05,2026-03-06,5
85b2c547fffffff,85b2c557fffffff,20.418,other,male,2026-03-05,2026-03-06,5
85b2c553fffffff,85b2c553fffffff,19.744,bicycle,male,2026-03-01,2026-03-02,7
85b2c553fffffff,85b2c553fffffff,19.814,bus,male,2026-03-01,2026-03-02,7
85b2c553fffffff,85b2c553fffffff,11.573,scooter,male,2026-03-01,2026-03-02,5
85b2c553fffffff,85b2c553fffffff,14.417,car,male,2026-03-02,2026-03-03,6
85b2c553fffffff,85b2c553fffffff,17.993,other,male,2026-03-02,2026-03-03,5
85b2c553fffffff,85b2c553fffffff,13.783000000000001,taxi,male,2026-03-02,2026-03-03,6
85b2c553fffffff,85b2c553fffffff,16.579,taxi,unknown,2026-03-02,2026-03-03,5
85b2c553fffffff,85b2c553fffffff,19.732,bicycle,male,2026-03-03,2026-03-04,6
85b2c553fffffff,85b2c553fffffff,14.921,other,female,2026-03-03,2026-03-04,5
85b2c553fffffff,85b2c553fffffff,21.465,taxi,female,2026-03-03,2026-03-04,6
85b2c553fffffff,85b2c553fffffff,18.232,taxi,male,2026-03-03,2026-03-04,7
85b2c553fffffff,85b2c553fffffff,14.530000000000001,walk,female,2026-03-03,2026-03-04,5
85b2c553fffffff,85b2c553fffffff,17.278,car,female,2026-03-04,2026-03-05,5
85b2c553fffffff,85b2c553fffffff,18.907,car,male,2026-03-04,2026-03-05,6
85b2c553fffffff,85b2c553fffffff,16.413,motorcycle,female,2026-03-04,2026-03-05,6
85b2c553fffffff,85b2c553fffffff,10.016,other,female,2026-03-04,2026-03-05,5
85b2c553fffffff,85b2c553fffffff,13.384,ride_hailing,female,2026-03-04,2026-03-05,5
85b2c553fffffff,85b2c553fffffff,15.435,scooter,female,2026-03-04,2026-03-05,5
85b2c553fffffff,85b2c553fffffff,13.236,scooter,male,2026-03-04,2026-03-05,5
85b2c553fffffff,85b2c553fffffff,18.744,train,male,2026-03-04,2026-03-05,7
85b2c553fffffff,85b2c553fffffff,10.713000000000001,car,female,2026-03-05,2026-03-06,5
85b2c553fffffff,85b2c553fffffff,30.497999999999998,ride_hailing,male,2026-03-05,2026-03-06,10
85b2c553fffffff,85b2c553fffffff,15.004999999999999,scooter,male,2026-03-05,2026-03-06,6
85b2c553fffffff,85b2c553fffffff,14.924999999999999,taxi,male,2026-03-05,2026-03-06,6
85b2c553fffffff,85b2c553fffffff,19.399,train,female,2026-03-05,2026-03-06,7
85b2c553fffffff,85b2c553fffffff,13.28,train,male,2026-03-05,2026-03-06,6
85b2c553fffffff,85b2c553fffffff,12.897,bicycle,female,2026-03-06,2026-03-07,5
85b2c553fffffff,85b2c553fffffff,15.756,bus,male,2026-03-06,2026-03-07,6
85b2c553fffffff,85b2c553fffffff,21.387999999999998,car,female,2026-03-06,2026-03-07,8
85b2c553fffffff,85b2c553fffffff,10.764,ride_hailing,female,2026-03-06,2026-03-07,6
85b2c553fffffff,85b2c553fffffff,14.769,scooter,other,2026-03-06,2026-03-07,5
85b2c553fffffff,85b2c553fffffff,20.91,train,male,2026-03-06,2026-03-07,6
85b2c553fffffff,85b2c553fffffff,20.206,bicycle,female,2026-03-07,2026-03-08,7
85b2c553fffffff,85b2c553fffffff,20.397,bicycle,male,2026-03-07,2026-03-08,8
85b2c553fffffff,85b2c553fffffff,11.358,bus,female,2026-03-07,2026-03-08,6
85b2c553fffffff,85b2c553fffffff,18.901,motorcycle,male,2026-03-07,2026-03-08,6
85b2c553fffffff,85b2c553fffffff,15.263000000000002,other,female,2026-03-07,2026-03-08,5
85b2c553fffffff,85b2c553fffffff,15.652999999999999,taxi,female,2026-03-07,2026-03-08,5
85b2c553fffffff,85b2c553fffffff,15.732,taxi,male,2026-03-07,2026-03-08,6
85b2c553fffffff,85b2c553fffffff,16.611,taxi,unknown,2026-03-07,2026-03-08,5
85b2c553fffffff,85b2c553fffffff,13.372,train,male,2026-03-07,2026-03-08,6
85b2c553fffffff,85b2c553fffffff,11.056999999999999,walk,female,2026-03-07,2026-03-08,5
85b2c557fffffff,85b2c50bfffffff,12.0,metro,male,2026-03-01,2026-03-02,6
85b2c557fffffff,85b2c50bfffffff,9.195,walk,female,2026-03-02,2026-03-03,5
85b2c557fffffff,85b2c50bfffffff,10.276,scooter,female,2026-03-03,2026-03-04,5
85b2c557fffffff,85b2c50bfffffff,13.091000000000001,motorcycle,female,2026-03-04,2026-03-05,6
85b2c557fffffff,85b2c50bfffffff,20.291,other,female,2026-03-06,2026-03-07,6
85b2c557fffffff,85b2c50bfffffff,11.055,scooter,male,2026-03-06,2026-03-07,5
85b2c557fffffff,85b2c51bfffffff,20.309,ride_hailing,male,2026-03-05,2026-03-06,6
85b2c557fffffff,85b2c543fffffff,12.196000000000002,walk,male,2026-03-04,2026-03-05,5
85b2c557fffffff,85b2c543fffffff,10.123,scooter,male,2026-03-07,2026-03-08,5
85b2c557fffffff,85b2c557fffffff,23.992,bicycle,female,2026-03-01,2026-03-02,10
85b2c557fffffff,85b2c557fffffff,22.021,bicycle,male,2026-03-01,2026-03-02,8
85b2c557fffffff,85b2c557fffffff,17.951999999999998,bicycle,other,2026-03-01,2026-03-02,6
85b2c557fffffff,85b2c557fffffff,17.986,bicycle,unknown,2026-03-01,2026-03-02,7
85b2c557fffffff,85b2c557fffffff,55.989,bus,female,2026-03-01,2026-03-02,16
85b2c557fffffff,85b2c557fffffff,31.235,bus,male,2026-03-01,2026-03-02,13
85b2c557fffffff,85b2c557fffffff,15.622,bus,other,2026-03-01,2026-03-02,6
85b2c557fffffff,85b2c557fffffff,30.858,car,female,2026-03-01,2026-03-02,13
85b2c557fffffff,85b2c557fffffff,37.012,car,male,2026-03-01,2026-03-02,12
85b2c557fffffff,85b2c557fffffff,28.682,car,other,2026-03-01,2026-03-02,10
85b2c557fffffff,85b2c557fffffff,14.484,car,unknown,2026-03-01,2026-03-02,6
85b2c557fffffff,85b2c557fffffff,34.417,metro,female,2026-03-01,2026-03-02,10
85b2c557fffffff,85b2c557fffffff,57.82,metro,male,2026-03-01,2026-03-02,20
85b2c557fffffff,85b2c557fffffff,15.384,metro,other,2026-03-01,2026-03-02,5
85b2c557fffffff,85b2c557fffffff,34.434,motorcycle,female,2026-03-01,2026-03-02,15
85b2c557fffffff,85b2c557fffffff,28.113,motorcycle,male,2026-03-01,2026-03-02,9
85b2c557fffffff,85b2c557fffffff,10.959,motorcycle,other,2026-03-01,2026-03-02,5
85b2c557fffffff,85b2c557fffffff,31.518,other,female,2026-03-01,2026-03-02,13
85b2c557fffffff,85b2c557fffffff,33.936,other,male,2026-03-01,2026-03-02,12
85b2c557fffffff,85b2c557fffffff,21.042,other,unknown,2026-03-01,2026-03-02,7
85b2c557fffffff,85b2c557fffffff,14.903,ride_hailing,female,2026-03-01,2026-03-02,8
85b2c557fffffff,85b2c557fffffff,25.152,ride_hailing,male,2026-03-01,2026-03-02,11
85b2c557fffffff,85b2c557fffffff,22.298,ride_hailing,unknown,2026-03-01,2026-03-02,8
85b2c557fffffff,85b2c557fffffff,46.87,scooter,female,2026-03-01,2026-03-02,14
85b2c557fffffff,85b2c557fffffff,31.079,scooter,male,2026-03-01,2026-03-02,12
85b2c557fffffff,85b2c557fffffff,17.07,scooter,unknown,2026-03-01,2026-03-02,6
85b2c557fffffff,85b2c557fffffff,16.073,taxi,female,2026-03-01,2026-03-02,9
85b2c557fffffff,85b2c557fffffff,29.116,taxi,male,2026-03-01,2026-03-02,13
85b2c557fffffff,85b2c557fffffff,20.293,taxi,other,2026-03-01,2026-03-02,6
85b2c557fffffff,85b2c557fffffff,28.792,taxi,unknown,2026-03-01,2026-03-02,11
85b2c557fffffff,85b2c557fffffff,22.448,train,female,2026-03-01,2026-03-02,9
85b2c557fffffff,85b2c557fffffff,45.99,train,male,2026-03-01,2026-03-02,15
85b2c557fffffff,85b2c557fffffff,23.213,train,other,2026-03-01,2026-03-02,6
85b2c557fffffff,85b2c557fffffff,22.208,train,unknown,2026-03-01,2026-03-02,8
85b2c557fffffff,85b2c557fffffff,32.969,walk,female,2026-03-01,2026-03-02,11
85b2c557fffffff,85b2c557fffffff,28.501,walk,male,2026-03-01,2026-03-02,12
85b2c557fffffff,85b2c557fffffff,21.096,walk,other,2026-03-01,2026-03-02,7
85b2c557fffffff,85b2c557fffffff,16.288,walk,unknown,2026-03-01,2026-03-02,8
85b2c557fffffff,85b2c557fffffff,48.937999999999995,bicycle,female,2026-03-02,2026-03-03,16
85b2c557fffffff,85b2c557fffffff,63.094,bicycle,male,2026-03-02,2026-03-03,21
85b2c557fffffff,85b2c557fffffff,12.905,bicycle,other,2026-03-02,2026-03-03,6
85b2c557fffffff,85b2c557fffffff,49.868,bus,female,2026-03-02,2026-03-03,18
85b2c557fffffff,85b2c557fffffff,35.367,bus,male,2026-03-02,2026-03-03,15
85b2c557fffffff,85b2c557fffffff,54.498999999999995,bus,other,2026-03-02,2026-03-03,17
85b2c557fffffff,85b2c557fffffff,43.196,car,female,2026-03-02,2026-03-03,20
85b2c557fffffff,85b2c557fffffff,45.944,car,male,2026-03-02,2026-03-03,16
85b2c557fffffff,85b2c557fffffff,45.184,car,other,2026-03-02,2026-03-03,17
85b2c557fffffff,85b2c557fffffff,18.573999999999998,car,unknown,2026-03-02,2026-03-03,9
85b2c557fffffff,85b2c557fffffff,32.429,metro,female,2026-03-02,2026-03-03,12
85b2c557fffffff,85b2c557fffffff,50.91,metro,male,2026-03-02,2026-03-03,19
85b2c557fffffff,85b2c557fffffff,22.579,metro,other,2026-03-02,2026-03-03,10
85b2c557fffffff,85b2c557fffffff,17.572,metro,unknown,2026-03-02,2026-03-03,6
85b2c557fffffff,85b2c557fffffff,66.688,motorcycle,female,2026-03-02,2026-03-03,24
85b2c557fffffff,85b2c557fffffff,40.423,motorcycle,male,2026-03-02,2026-03-03,17
85b2c557fffffff,85b2c557fffffff,30.516000000000002,motorcycle,other,2026-03-02,2026-03-03,10
85b2c557fffffff,85b2c557fffffff,26.43,motorcycle,unknown,2026-03-02,2026-03-03,10
85b2c557fffffff,85b2c557fffffff,39.269,other,female,2026-03-02,2026-03-03,13
85b2c557fffffff,85b2c557fffffff,66.589,other,male,2026-03-02,2026-03-03,26
85b2c557fffffff,85b2c557fffffff,16.922,other,other,2026-03-02,2026-03-03,7
85b2c557fffffff,85b2c557fffffff,37.900999999999996,other,unknown,2026-03-02,2026-03-03,13
85b2c557fffffff,85b2c557fffffff,44.013999999999996,ride_hailing,female,2026-03-02,2026-03-03,17
85b2c557fffffff,85b2c557fffffff,32.169,ride_hailing,male,2026-03-02,2026-03-03,12
85b2c557fffffff,85b2c557fffffff,35.579,ride_hailing,other,2026-03-02,2026-03-03,14
85b2c557fffffff,85b2c557fffffff,48.5,ride_hailing,unknown,2026-03-02,2026-03-03,16
85b2c557fffffff,85b2c557fffffff,57.072,scooter,female,2026-03-02,2026-03-03,20
85b2c557fffffff,85b2c557fffffff,51.858,scooter,male,2026-03-02,2026-03-03,17
85b2c557fffffff,85b2c557fffffff,24.442,scooter,other,2026-03-02,2026-03-03,8
85b2c557fffffff,85b2c557fffffff,29.625999999999998,scooter,unknown,2026-03-02,2026-03-03,9
85b2c557fffffff,85b2c557fffffff,39.493,taxi,female,2026-03-02,2026-03-03,17
85b2c557fffffff,85b2c557fffffff,49.697,taxi,male,2026-03-02,2026-03-03,17
85b2c557fffffff,85b2c557fffffff,16.559,taxi,other,2026-03-02,2026-03-03,5
85b2c557fffffff,85b2c557fffffff,9.193999999999999,taxi,unknown,2026-03-02,2026-03-03,5
85b2c557fffffff,85b2c557fffffff,49.321,train,female,2026-03-02,2026-03-03,15
85b2c557fffffff,85b2c557fffffff,50.779,train,male,2026-03-02,2026-03-03,21
85b2c557fffffff,85b2c557fffffff,16.599,train,other,2026-03-02,2026-03-03,6
85b2c557fffffff,85b2c557fffffff,20.107,train,unknown,2026-03-02,2026-03-03,7
85b2c557fffffff,85b2c557fffffff,44.665,walk,female,2026-03-02,2026-03-03,14
85b2c557fffffff,85b2c557fffffff,46.491,walk,male,2026-03-02,2026-03-03,18
85b2c557fffffff,85b2c557fffffff,35.594,walk,other,2026-03-02,2026-03-03,11
85b2c557fffffff,85b2c557fffffff,25.884,walk,unknown,2026-03-02,2026-03-03,11
85b2c557fffffff,85b2c557fffffff,42.555,bicycle,female,2026-03-03,2026-03-04,15
85b2c557fffffff,85b2c557fffffff,53.166,bicycle,male,2026-03-03,2026-03-04,19
85b2c557fffffff,85b2c557fffffff,45.122,bicycle,other,2026-03-03,2026-03-04,14
85b2c557fffffff,85b2c557fffffff,17.209,bicycle,unknown,2026-03-03,2026-03-04,8
85b2c557fffffff,85b2c557fffffff,43.538,bus,female,2026-03-03,2026-03-04,16
85b2c557fffffff,85b2c557fffffff,31.143,bus,male,2026-03-03,2026-03-04,10
85b2c557fffffff,85b2c557fffffff,43.667,bus,other,2026-03-03,2026-03-04,14
85b2c557fffffff,85b2c557fffffff,35.132,bus,unknown,2026-03-03,2026-03-04,10
85b2c557fffffff,85b2c557fffffff,46.103,car,female,2026-03-03,2026-03-04,19
85b2c557fffffff,85b2c557fffffff,37.56,car,male,2026-03-03,2026-03-04,14
85b2c557fffffff,85b2c557fffffff,25.727,car,other,2026-03-03,2026-03-04,8
85b2c557fffffff,85b2c557fffffff,39.298,metro,female,2026-03-03,2026-03-04,16
85b2c557fffffff,85b2c557fffffff,41.726,metro,male,2026-03-03,2026-03-04,18
85b2c557fffffff,85b2c557fffffff,32.283,metro,other,2026-03-03,2026-03-04,13
85b2c557fffffff,85b2c557fffffff,20.095,metro,unknown,2026-03-03,2026-03-04,8
85b2c557fffffff,85b2c557fffffff,39.101,motorcycle,female,2026-03-03,2026-03-04,16
85b2c557fffffff,85b2c557fffffff,47.732,motorcycle,male,2026-03-03,2026-03-04,20
85b2c557fffffff,85b2c557fffffff,35.135,motorcycle,other,2026-03-03,2026-03-04,11
85b2c557fffffff,85b2c557fffffff,25.538999999999998,motorcycle,unknown,2026-03-03,2026-03-04,8
85b2c557fffffff,85b2c557fffffff,45.938,other,female,2026-03-03,2026-03-04,18
85b2c557fffffff,85b2c557fffffff,48.309,other,male,2026-03-03,2026-03-04,18
85b2c557fffffff,85b2c557fffffff,40.974,other,other,2026-03-03,2026-03-04,14
85b2c557fffffff,85b2c557fffffff,30.039,ride_hailing,female,2026-03-03,2026-03-04,12
85b2c557fffffff,85b2c557fffffff,43.674,ride_hailing,male,2026-03-03,2026-03-04,18
85b2c557fffffff,85b2c557fffffff,13.142,ride_hailing,other,2026-03-03,2026-03-04,7
85b2c557fffffff,85b2c557fffffff,32.507,ride_hailing,unknown,2026-03-03,2026-03-04,11
85b2c557fffffff,85b2c557fffffff,36.056,scooter,female,2026-03-03,2026-03-04,15
85b2c557fffffff,85b2c557fffffff,68.035,scooter,male,2026-03-03,2026-03-04,22
85b2c557fffffff,85b2c557fffffff,33.292,scooter,other,2026-03-03,2026-03-04,13
85b2c557fffffff,85b2c557fffffff,18.835,scooter,unknown,2026-03-03,2026-03-04,5
85b2c557fffffff,85b2c557fffffff,30.666999999999998,taxi,female,2026-03-03,2026-03-04,13
85b2c557fffffff,85b2c557fffffff,26.794,taxi,male,2026-03-03,2026-03-04,11
85b2c557fffffff,85b2c557fffffff,17.832,taxi,other,2026-03-03,2026-03-04,6
85b2c557fffffff,85b2c557fffffff,30.399,taxi,unknown,2026-03-03,2026-03-04,8
85b2c557fffffff,85b2c557fffffff,31.838,train,female,2026-03-03,2026-03-04,13
85b2c557fffffff,85b2c557fffffff,41.208,train,male,2026-03-03,2026-03-04,21
85b2c557fffffff,85b2c557fffffff,26.776,train,other,2026-03-03,2026-03-04,8
85b2c557fffffff,85b2c557fffffff,16.594,train,unknown,2026-03-03,2026-03-04,6
85b2c557fffffff,85b2c557fffffff,38.566,walk,female,2026-03-03,2026-03-04,16
85b2c557fffffff,85b2c557fffffff,45.929,walk,male,2026-03-03,2026-03-04,17
85b2c557fffffff,85b2c557fffffff,23.378,walk,other,2026-03-03,2026-03-04,8
85b2c557fffffff,85b2c557fffffff,19.058,walk,unknown,2026-03-03,2026-03-04,7
85b2c557fffffff,85b2c557fffffff,25.354,bicycle,female,2026-03-04,2026-03-05,14
85b2c557fffffff,85b2c557fffffff,43.858,bicycle,male,2026-03-04,2026-03-05,15
85b2c557fffffff,85b2c557fffffff,29.105,bicycle,other,2026-03-04,2026-03-05,10
85b2c557fffffff,85b2c557fffffff,20.676,bicycle,unknown,2026-03-04,2026-03-05,7
85b2c557fffffff,85b2c557fffffff,57.067,bus,female,2026-03-04,2026-03-05,17
85b2c557fffffff,85b2c557fffffff,35.483,bus,male,2026-03-04,2026-03-05,18
85b2c557fffffff,85b2c557fffffff,27.421,bus,other,2026-03-04,2026-03-05,12
85b2c557fffffff,85b2c557fffffff,12.376000000000001,bus,unknown,2026-03-04,2026-03-05,5
85b2c557fffffff,85b2c557fffffff,44.532,car,female,2026-03-04,2026-03-05,17
85b2c557fffffff,85b2c557fffffff,28.316,car,male,2026-03-04,2026-03-05,13
85b2c557fffffff,85b2c557fffffff,16.932,car,other,2026-03-04,2026-03-05,5
85b2c557fffffff,85b2c557fffffff,21.583,car,unknown,2026-03-04,2026-03-05,8
85b2c557fffffff,85b2c557fffffff,56.8,metro,female,2026-03-04,2026-03-05,20
85b2c557fffffff,85b2c557fffffff,50.933,metro,male,2026-03-04,2026-03-05,16
85b2c557fffffff,85b2c557fffffff,17.291,metro,other,2026-03-04,2026-03-05,6
85b2c557fffffff,85b2c557fffffff,39.577,metro,unknown,2026-03-04,2026-03-05,12
85b2c557fffffff,85b2c557fffffff,55.849,motorcycle,female,2026-03-04,2026-03-05,19
85b2c557fffffff,85b2c557fffffff,65.507,motorcycle,male,2026-03-04,2026-03-05,20
85b2c557fffffff,85b2c557fffffff,32.439,motorcycle,other,2026-03-04,2026-03-05,9
85b2c557fffffff,85b2c557fffffff,26.856,motorcycle,unknown,2026-03-04,2026-03-05,9
85b2c557fffffff,85b2c557fffffff,37.219,other,female,2026-03-04,2026-03-05,13
85b2c557fffffff,85b2c557fffffff,51.754,other,male,2026-03-04,2026-03-05,15
85b2c557fffffff,85b2c557fffffff,30.483,other,other,2026-03-04,2026-03-05,9
85b2c557fffffff,85b2c557fffffff,28.292,other,unknown,2026-03-04,2026-03-05,11
85b2c557fffffff,85b2c557fffffff,54.464,ride_hailing,female,2026-03-04,2026-03-05,20
85b2c557fffffff,85b2c557fffffff,49.331,ride_hailing,male,2026-03-04,2026-03-05,18
85b2c557fffffff,85b2c557fffffff,19.655,ride_hailing,other,2026-03-04,2026-03-05,6
85b2c557fffffff,85b2c557fffffff,24.692,ride_hailing,unknown,2026-03-04,2026-03-05,8
85b2c557fffffff,85b2c557fffffff,45.751,scooter,female,2026-03-04,2026-03-05,16
85b2c557fffffff,85b2c557fffffff,39.723,scooter,male,2026-03-04,2026-03-05,17
85b2c557fffffff,85b2c557fffffff,14.049,scooter,other,2026-03-04,2026-03-05,7
85b2c557fffffff,85b2c557fffffff,14.921,scooter,unknown,2026-03-04,2026-03-05,6
85b2c557fffffff,85b2c557fffffff,48.506,taxi,female,2026-03-04,2026-03-05,19
85b2c557fffffff,85b2c557fffffff,41.034,taxi,male,2026-03-04,2026-03-05,18
85b2c557fffffff,85b2c557fffffff,35.479,taxi,other,2026-03-04,2026-03-05,11
85b2c557fffffff,85b2c557fffffff,23.691000000000003,taxi,unknown,2026-03-04,2026-03-05,9
85b2c557fffffff,85b2c557fffffff,40.874,train,female,2026-03-04,2026-03-05,13
85b2c557fffffff,85b2c557fffffff,47.192,train,male,2026-03-04,2026-03-05,17
85b2c557fffffff,85b2c557fffffff,14.071,train,other,2026-03-04,2026-03-05,6
85b2c557fffffff,85b2c557fffffff,35.252,train,unknown,2026-03-04,2026-03-05,13
85b2c557fffffff,85b2c557fffffff,49.958,walk,female,2026-03-04,2026-03-05,17
85b2c557fffffff,85b2c557fffffff,51.181,walk,male,2026-03-04,2026-03-05,20
85b2c557fffffff,85b2c557fffffff,31.341,walk,other,2026-03-04,2026-03-05,11
85b2c557fffffff,85b2c557fffffff,21.533,walk,unknown,2026-03-04,2026-03-05,9
85b2c557fffffff,85b2c557fffffff,48.819,bicycle,female,2026-03-05,2026-03-06,17
85b2c557fffffff,85b2c557fffffff,48.495,bicycle,male,2026-03-05,2026-03-06,18
85b2c557fffffff,85b2c557fffffff,30.941,bicycle,other,2026-03-05,2026-03-06,12
85b2c557fffffff,85b2c557fffffff,12.896,bicycle,unknown,2026-03-05,2026-03-06,5
85b2c557fffffff,85b2c557fffffff,56.602000000000004,bus,female,2026-03-05,2026-03-06,21
85b2c557fffffff,85b2c557fffffff,45.667,bus,male,2026-03-05,2026-03-06,19
85b2c557fffffff,85b2c557fffffff,24.113,bus,other,2026-03-05,2026-03-06,11
85b2c557fffffff,85b2c557fffffff,15.454,bus,unknown,2026-03-05,2026-03-06,5
85b2c557fffffff,85b2c557fffffff,47.083,car,female,2026-03-05,2026-03-06,16
85b2c557fffffff,85b2c557fffffff,35.531,car,male,2026-03-05,2026-03-06,12
85b2c557fffffff,85b2c557fffffff,27.421,car,other,2026-03-05,2026-03-06,7
85b2c557fffffff,85b2c557fffffff,25.528,car,unknown,2026-03-05,2026-03-06,8
85b2c557fffffff,85b2c557fffffff,44.584,metro,female,2026-03-05,2026-03-06,17
85b2c557fffffff,85b2c557fffffff,50.811,metro,male,2026-03-05,2026-03-06,18
85b2c557fffffff,85b2c557fffffff,18.688,metro,other,2026-03-05,2026-03-06,8
85b2c557fffffff,85b2c557fffffff,27.403,metro,unknown,2026-03-05,2026-03-06,10
85b2c557fffffff,85b2c557fffffff,47.542,motorcycle,female,2026-03-05,2026-03-06,17
85b2c557fffffff,85b2c557fffffff,50.07,motorcycle,male,2026-03-05,2026-03-06,19
85b2c557fffffff,85b2c557fffffff,15.876000000000001,motorcycle,other,2026-03-05,2026-03-06,5
85b2c557fffffff,85b2c557fffffff,33.379999999999995,motorcycle,unknown,2026-03-05,2026-03-06,10
85b2c557fffffff,85b2c557fffffff,65.438,other,female,2026-03-05,2026-03-06,23
85b2c557fffffff,85b2c557fffffff,75.762,other,male,2026-03-05,2026-03-06,27
85b2c557fffffff,85b2c557fffffff,21.625,other,other,2026-03-05,2026-03-06,7
85b2c557fffffff,85b2c557fffffff,25.19,other,unknown,2026-03-05,2026-03-06,7
85b2c557fffffff,85b2c557fffffff,42.903999999999996,ride_hailing,female,2026-03-05,2026-03-06,12
85b2c557fffffff,85b2c557fffffff,51.235,ride_hailing,male,2026-03-05,2026-03-06,18
85b2c557fffffff,85b2c557fffffff,17.975,ride_hailing,other,2026-03-05,2026-03-06,6
85b2c557fffffff,85b2c557fffffff,16.673000000000002,ride_hailing,unknown,2026-03-05,2026-03-06,6
85b2c557fffffff,85b2c557fffffff,65.432,scooter,female,2026-03-05,2026-03-06,24
85b2c557fffffff,85b2c557fffffff,75.221,scooter,male,2026-03-05,2026-03-06,22
85b2c557fffffff,85b2c557fffffff,31.821,scooter,other,2026-03-05,2026-03-06,14
85b2c557fffffff,85b2c557fffffff,60.662,taxi,female,2026-03-05,2026-03-06,22
85b2c557fffffff,85b2c557fffffff,49.201,taxi,male,2026-03-05,2026-03-06,17
85b2c557fffffff,85b2c557fffffff,14.966999999999999,taxi,other,2026-03-05,2026-03-06,7
85b2c557fffffff,85b2c557fffffff,47.376999999999995,train,female,2026-03-05,2026-03-06,15
85b2c557fffffff,85b2c557fffffff,50.169000000000004,train,male,2026-03-05,2026-03-06,16
85b2c557fffffff,85b2c557fffffff,26.978,train,other,2026-03-05,2026-03-06,8
85b2c557fffffff,85b2c557fffffff,24.012,train,unknown,2026-03-05,2026-03-06,9
85b2c557fffffff,85b2c557fffffff,68.601,walk,female,2026-03-05,2026-03-06,23
85b2c557fffffff,85b2c557fffffff,44.757,walk,male,2026-03-05,2026-03-06,17
85b2c557fffffff,85b2c557fffffff,33.388999999999996,walk,other,2026-03-05,2026-03-06,12
85b2c557fffffff,85b2c557fffffff,62.249,bicycle,female,2026-03-06,2026-03-07,24
85b2c557fffffff,85b2c557fffffff,37.994,bicycle,male,2026-03-06,2026-03-07,16
85b2c557fffffff,85b2c557fffffff,15.488,bicycle,other,2026-03-06,2026-03-07,7
85b2c557fffffff,85b2c557fffffff,14.844,bicycle,unknown,2026-03-06,2026-03-07,5
85b2c557fffffff,85b2c557fffffff,48.134,bus,female,2026-03-06,2026-03-07,17
85b2c557fffffff,85b2c557fffffff,57.423,bus,male,2026-03-06,2026-03-07,17
85b2c557fffffff,85b2c557fffffff,15.327000000000002,bus,other,2026-03-06,2026-03-07,8
85b2c557fffffff,85b2c557fffffff,22.531,bus,unknown,2026-03-06,2026-03-07,10
85b2c557fffffff,85b2c557fffffff,32.189,car,female,2026-03-06,2026-03-07,11
85b2c557fffffff,85b2c557fffffff,53.021,car,male,2026-03-06,2026-03-07,21
85b2c557fffffff,85b2c557fffffff,27.124,car,other,2026-03-06,2026-03-07,9
85b2c557fffffff,85b2c557fffffff,25.348,car,unknown,2026-03-06,2026-03-07,9
85b2c557fffffff,85b2c557fffffff,49.97,metro,female,2026-03-06,2026-03-07,19
85b2c557fffffff,85b2c557fffffff,52.002,metro,male,2026-03-06,2026-03-07,19
85b2c557fffffff,85b2c557fffffff,28.911,metro,other,2026-03-06,2026-03-07,11
85b2c557fffffff,85b2c557fffffff,29.081,metro,unknown,2026-03-06,2026-03-07,9
85b2c557fffffff,85b2c557fffffff,47.337,motorcycle,female,2026-03-06,2026-03-07,18
85b2c557fffffff,85b2c557fffffff,44.687,motorcycle,male,2026-03-06,2026-03-07,14
85b2c557fffffff,85b2c557fffffff,29.951,motorcycle,other,2026-03-06,2026-03-07,11
85b2c557fffffff,85b2c557fffffff,33.194,motorcycle,unknown,2026-03-06,2026-03-07,11
85b2c557fffffff,85b2c557fffffff,55.403999999999996,other,female,2026-03-06,2026-03-07,19
85b2c557fffffff,85b2c557fffffff,53.895,other,male,2026-03-06,2026-03-07,21
85b2c557fffffff,85b2c557fffffff,18.0,other,other,2026-03-06,2026-03-07,6
85b2c557fffffff,85b2c557fffffff,14.684,other,unknown,2026-03-06,2026-03-07,6
85b2c557fffffff,85b2c557fffffff,59.387,ride_hailing,female,2026-03-06,2026-03-07,19
85b2c557fffffff,85b2c557fffffff,45.832,ride_hailing,male,2026-03-06,2026-03-07,15
85b2c557fffffff,85b2c557fffffff,20.336,ride_hailing,other,2026-03-06,2026-03-07,8
85b2c557fffffff,85b2c557fffffff,38.892,ride_hailing,unknown,2026-03-06,2026-03-07,13
85b2c557fffffff,85b2c557fffffff,47.314,scooter,female,2026-03-06,2026-03-07,14
85b2c557fffffff,85b2c557fffffff,42.629,scooter,male,2026-03-06,2026-03-07,17
85b2c557fffffff,85b2c557fffffff,20.171,scooter,other,2026-03-06,2026-03-07,6
85b2c557fffffff,85b2c557fffffff,16.951999999999998,scooter,unknown,2026-03-06,2026-03-07,6
85b2c557fffffff,85b2c557fffffff,65.469,taxi,female,2026-03-06,2026-03-07,26
85b2c557fffffff,85b2c557fffffff,55.88,taxi,male,2026-03-06,2026-03-07,20
85b2c557fffffff,85b2c557fffffff,9.649,taxi,other,2026-03-06,2026-03-07,5
85b2c557fffffff,85b2c557fffffff,22.602999999999998,taxi,unknown,2026-03-06,2026-03-07,8
85b2c557fffffff,85b2c557fffffff,55.875,train,female,2026-03-06,2026-03-07,21
85b2c557fffffff,85b2c557fffffff,42.899,train,male,2026-03-06,2026-03-07,17
85b2c557fffffff,85b2c557fffffff,26.305999999999997,train,other,2026-03-06,2026-03-07,9
85b2c557fffffff,85b2c557fffffff,38.398,train,unknown,2026-03-06,2026-03-07,12
85b2c557fffffff,85b2c557fffffff,55.761,walk,female,2026-03-06,2026-03-07,19
85b2c557fffffff,85b2c557fffffff,65.74,walk,male,2026-03-06,2026-03-07,23
85b2c557fffffff,85b2c557fffffff,40.197,walk,other,2026-03-06,2026-03-07,13
85b2c557fffffff,85b2c557fffffff,32.498,walk,unknown,2026-03-06,2026-03-07,13
85b2c557fffffff,85b2c557fffffff,24.624,bicycle,female,2026-03-07,2026-03-08,11
85b2c557fffffff,85b2c557fffffff,37.178,bicycle,male,2026-03-07,2026-03-08,13
85b2c557fffffff,85b2c557fffffff,60.056,bicycle,other,2026-03-07,2026-03-08,18
85b2c557fffffff,85b2c557fffffff,24.206,bicycle,unknown,2026-03-07,2026-03-08,10
85b2c557fffffff,85b2c557fffffff,49.584,bus,female,2026-03-07,2026-03-08,17
85b2c557fffffff,85b2c557fffffff,58.973,bus,male,2026-03-07,2026-03-08,20
85b2c557fffffff,85b2c557fffffff,28.945999999999998,bus,other,2026-03-07,2026-03-08,9
85b2c557fffffff,85b2c557fffffff,48.597,bus,unknown,2026-03-07,2026-03-08,18
85b2c557fffffff,85b2c557fffffff,38.967,car,female,2026-03-07,2026-03-08,17
85b2c557fffffff,85b2c557fffffff,51.865,car,male,2026-03-07,2026-03-08,18
85b2c557fffffff,85b2c557fffffff,31.766,car,other,2026-03-07,2026-03-08,11
85b2c557fffffff,85b2c557fffffff,22.394,car,unknown,2026-03-07,2026-03-08,7
85b2c557fffffff,85b2c557fffffff,56.25,metro,female,2026-03-07,2026-03-08,21
85b2c557fffffff,85b2c557fffffff,52.568,metro,male,2026-03-07,2026-03-08,15
85b2c557fffffff,85b2c557fffffff,26.791,metro,other,2026-03-07,2026-03-08,9
85b2c557fffffff,85b2c557fffffff,47.35,metro,unknown,2026-03-07,2026-03-08,14
85b2c557fffffff,85b2c557fffffff,61.567,motorcycle,female,2026-03-07,2026-03-08,24
85b2c557fffffff,85b2c557fffffff,41.269999999999996,motorcycle,male,2026-03-07,2026-03-08,14
85b2c557fffffff,85b2c557fffffff,26.643,motorcycle,other,2026-03-07,2026-03-08,11
85b2c557fffffff,85b2c557fffffff,22.543,motorcycle,unknown,2026-03-07,2026-03-08,8
85b2c557fffffff,85b2c557fffffff,45.686,other,female,2026-03-07,2026-03-08,17
85b2c557fffffff,85b2c557fffffff,30.365000000000002,other,male,2026-03-07,2026-03-08,12
85b2c557fffffff,85b2c557fffffff,28.196,other,other,2026-03-07,2026-03-08,9
85b2c557fffffff,85b2c557fffffff,38.016,other,unknown,2026-03-07,2026-03-08,16
85b2c557fffffff,85b2c557fffffff,35.719,ride_hailing,female,2026-03-07,2026-03-08,10
85b2c557fffffff,85b2c557fffffff,44.702,ride_hailing,male,2026-03-07,2026-03-08,16
85b2c557fffffff,85b2c557fffffff,31.526,ride_hailing,other,2026-03-07,2026-03-08,11
85b2c557fffffff,85b2c557fffffff,24.113,ride_hailing,unknown,2026-03-07,2026-03-08,9
85b2c557fffffff,85b2c557fffffff,51.201,scooter,female,2026-03-07,2026-03-08,16
85b2c557fffffff,85b2c557fffffff,51.779,scooter,male,2026-03-07,2026-03-08,16
85b2c557fffffff,85b2c557fffffff,48.053,scooter,other,2026-03-07,2026-03-08,17
85b2c557fffffff,85b2c557fffffff,14.418999999999999,scooter,unknown,2026-03-07,2026-03-08,5
85b2c557fffffff,85b2c557fffffff,52.134,taxi,female,2026-03-07,2026-03-08,22
85b2c557fffffff,85b2c557fffffff,44.109,taxi,male,2026-03-07,2026-03-08,16
85b2c557fffffff,85b2c557fffffff,33.507,taxi,other,2026-03-07,2026-03-08,11
85b2c557fffffff,85b2c557fffffff,33.527,taxi,unknown,2026-03-07,2026-03-08,12
85b2c557fffffff,85b2c557fffffff,60.445,train,female,2026-03-07,2026-03-08,22
85b2c557fffffff,85b2c557fffffff,32.923,train,male,2026-03-07,2026-03-08,11
85b2c557fffffff,85b2c557fffffff,26.414,train,other,2026-03-07,2026-03-08,10
85b2c557fffffff,85b2c557fffffff,17.076,train,unknown,2026-03-07,2026-03-08,9
85b2c557fffffff,85b2c557fffffff,59.881,walk,female,2026-03-07,2026-03-08,26
85b2c557fffffff,85b2c557fffffff,40.867,walk,male,2026-03-07,2026-03-08,15
85b2c557fffffff,85b2c557fffffff,32.928,walk,other,2026-03-07,2026-03-08,10
85b2c557fffffff,85b2c557fffffff,37.496,walk,unknown,2026-03-07,2026-03-08,14
85b2c557fffffff,85b2c557fffffff,9.725999999999999,bicycle,female,2026-03-08,2026-03-09,5
85b2c557fffffff,85b2c557fffffff,18.414,bicycle,male,2026-03-08,2026-03-09,5
85b2c557fffffff,85b2c557fffffff,24.141,bus,male,2026-03-08,2026-03-09,10
85b2c557fffffff,85b2c557fffffff,16.391,bus,other,2026-03-08,2026-03-09,5
85b2c557fffffff,85b2c557fffffff,18.046,car,female,2026-03-08,2026-03-09,5
85b2c557fffffff,85b2c557fffffff,13.342,metro,female,2026-03-08,2026-03-09,6
85b2c557fffffff,85b2c557fffffff,23.107,metro,male,2026-03-08,2026-03-09,7
85b2c557fffffff,85b2c557fffffff,18.427,motorcycle,male,2026-03-08,2026-03-09,5
85b2c557fffffff,85b2c557fffffff,17.847,scooter,male,2026-03-08,2026-03-09,6
85b2c557fffffff,85b2c557fffffff,13.312999999999999,scooter,unknown,2026-03-08,2026-03-09,5
85b2c557fffffff,85b2c557fffffff,15.028,taxi,female,2026-03-08,2026-03-09,5
85b2c557fffffff,85b2c557fffffff,29.087,taxi,male,2026-03-08,2026-03-09,9
85b2c557fffffff,85b2c557fffffff,15.175999999999998,train,male,2026-03-08,2026-03-09,5
85b2c557fffffff,85b2c5cffffffff,15.671,car,female,2026-03-03,2026-03-04,5
85b2c557fffffff,85b2c5cffffffff,17.499,metro,female,2026-03-03,2026-03-04,6
85b2c573fffffff,85b2c573fffffff,19.953,car,female,2026-03-04,2026-03-05,5
85b2c5cffffffff,85b2c5cffffffff,18.597,motorcycle,male,2026-03-01,2026-03-02,5
85b2c5cffffffff,85b2c5cffffffff,15.191,train,male,2026-03-01,2026-03-02,5
85b2c5cffffffff,85b2c5cffffffff,22.221,bicycle,male,2026-03-02,2026-03-03,7
85b2c5cffffffff,85b2c5cffffffff,27.834,bus,female,2026-03-02,2026-03-03,8
85b2c5cffffffff,85b2c5cffffffff,17.814,bus,male,2026-03-02,2026-03-03,6
85b2c5cffffffff,85b2c5cffffffff,14.549999999999999,metro,male,2026-03-02,2026-03-03,5
85b2c5cffffffff,85b2c5cffffffff,12.482000000000001,motorcycle,female,2026-03-02,2026-03-03,5
85b2c5cffffffff,85b2c5cffffffff,13.626,taxi,male,2026-03-02,2026-03-03,6
85b2c5cffffffff,85b2c5cffffffff,23.428,train,female,2026-03-02,2026-03-03,9
85b2c5cffffffff,85b2c5cffffffff,10.981,bus,female,2026-03-03,2026-03-04,5
85b2c5cffffffff,85b2c5cffffffff,19.159,car,female,2026-03-03,2026-03-04,8
85b2c5cffffffff,85b2c5cffffffff,14.478,metro,female,2026-03-03,2026-03-04,5
85b2c5cffffffff,85b2c5cffffffff,13.91,ride_hailing,other,2026-03-03,2026-03-04,5
85b2c5cffffffff,85b2c5cffffffff,9.126999999999999,scooter,male,2026-03-03,2026-03-04,5
85b2c5cffffffff,85b2c5cffffffff,13.335,taxi,female,2026-03-03,2026-03-04,5
85b2c5cffffffff,85b2c5cffffffff,18.183,bicycle,other,2026-03-04,2026-03-05,5
85b2c5cffffffff,85b2c5cffffffff,18.461,car,female,2026-03-04,2026-03-05,7
85b2c5cffffffff,85b2c5cffffffff,8.408999999999999,metro,female,2026-03-04,2026-03-05,5
85b2c5cffffffff,85b2c5cffffffff,17.305,motorcycle,female,2026-03-04,2026-03-05,6
85b2c5cffffffff,85b2c5cffffffff,21.378,motorcycle,male,2026-03-04,2026-03-05,7
85b2c5cffffffff,85b2c5cffffffff,25.945,other,female,2026-03-04,2026-03-05,7
85b2c5cffffffff,85b2c5cffffffff,11.431000000000001,other,male,2026-03-04,2026-03-05,5
85b2c5cffffffff,85b2c5cffffffff,15.469000000000001,taxi,male,2026-03-04,2026-03-05,5
85b2c5cffffffff,85b2c5cffffffff,12.748,bicycle,unknown,2026-03-05,2026-03-06,5
85b2c5cffffffff,85b2c5cffffffff,14.757,bus,female,2026-03-05,2026-03-06,5
85b2c5cffffffff,85b2c5cffffffff,14.022,bus,male,2026-03-05,2026-03-06,6
85b2c5cffffffff,85b2c5cffffffff,20.212,metro,male,2026-03-05,2026-03-06,7
85b2c5cffffffff,85b2c5cffffffff,24.857,motorcycle,male,2026-03-05,2026-03-06,8
85b2c5cffffffff,85b2c5cffffffff,24.149,other,female,2026-03-05,2026-03-06,6
85b2c5cffffffff,85b2c5cffffffff,19.47,other,male,2026-03-05,2026-03-06,6
85b2c5cffffffff,85b2c5cffffffff,16.951999999999998,scooter,male,2026-03-05,2026-03-06,6
85b2c5cffffffff,85b2c5cffffffff,12.252,walk,female,2026-03-05,2026-03-06,5
85b2c5cffffffff,85b2c5cffffffff,17.408,bus,female,2026-03-06,2026-03-07,5
85b2c5cffffffff,85b2c5cffffffff,16.398,car,female,2026-03-06,2026-03-07,6
85b2c5cffffffff,85b2c5cffffffff,14.845,car,male,2026-03-06,2026-03-07,5
85b2c5cffffffff,85b2c5cffffffff,14.708,ride_hailing,male,2026-03-06,2026-03-07,5
85b2c5cffffffff,85b2c5cffffffff,11.308,taxi,female,2026-03-06,2026-03-07,5
85b2c5cffffffff,85b2c5cffffffff,27.024,taxi,male,2026-03-06,2026-03-07,8
85b2c5cffffffff,85b2c5cffffffff,21.765,train,female,2026-03-06,2026-03-07,6
85b2c5cffffffff,85b2c5cffffffff,10.667,bicycle,female,2026-03-07,2026-03-08,6
85b2c5cffffffff,85b2c5cffffffff,11.195,bicycle,unknown,2026-03-07,2026-03-08,5
85b2c5cffffffff,85b2c5cffffffff,15.065999999999999,bus,female,2026-03-07,2026-03-08,5
85b2c5cffffffff,85b2c5cffffffff,16.249,bus,male,2026-03-07,2026-03-08,6
85b2c5cffffffff,85b2c5cffffffff,21.814,motorcycle,male,2026-03-07,2026-03-08,7
85b2c5cffffffff,85b2c5cffffffff,15.417,other,female,2026-03-07,2026-03-08,7
85b2c5cffffffff,85b2c5cffffffff,20.071,other,male,2026-03-07,2026-03-08,6
85b2c5cffffffff,85b2c5cffffffff,11.748000000000001,ride_hailing,female,2026-03-07,2026-03-08,5
85b2c5cffffffff,85b2c5cffffffff,16.403,scooter,male,2026-03-07,2026-03-08,6
85b2c5cffffffff,85b2c5cffffffff,12.722,taxi,male,2026-03-07,2026-03-08,5
85b2c5cffffffff,85b2c5cffffffff,7.377000000000001,train,male,2026-03-07,2026-03-08,5
